,Content ID,Type,Category
0,97522e57-d9ab-4bd6-97bf-c24d952602d2,photo,Studying
1,9f737e0a-3cdd-4d29-9d24-753f4e3be810,photo,healthy eating
2,230c4e4d-70c3-461d-b42c-ec09396efb3f,photo,healthy eating
3,356fff80-da4d-4785-9f43-bc1261031dc6,photo,technology
4,01ab84dd-6364-4236-abbb-3f237db77180,video,food
5,Infinity,GIF,cooking
6,3f8590c7-6ab2-4973-805a-90cdec355f05,video,dogs
7,Infinity,video,technology
8,0bedca96-fb76-4287-a83c-17330ed39cce,photo,soccer
9,Infinity,photo,public speaking
10,5118e9c5-1377-4cc5-a486-65b35b7b7b76,GIF,science
11,46fb701d-6c26-458e-ada3-2ebe5dbba01f,audio,public speaking
12,0be59876-d70c-486c-8e0b-a06bef7a2cd6,GIF,tennis
13,81abd65a-3b76-4574-a0a7-db6bf7184ae2,video,food
14,Infinity,audio,travel
15,7ffd0a82-4a0a-4527-a4d6-e251b756bac7,GIF,fitness
16,Infinity,GIF,soccer
17,Infinity,video,public speaking
18,9b3a6d30-48e8-476c-82be-9031524bd04d,video,food
19,850fe90d-47d6-4eb7-b9c8-810afcb99ce9,video,tennis
20,Infinity,GIF,soccer
21,Infinity,GIF,soccer
22,388bd9db-9d10-4f47-87c4-6db46e83bc95,video,education
23,78d0075f-895c-4a15-a35c-a921e2bb2cea,photo,studying
24,Infinity,photo,travel
25,Infinity,GIF,food
26,809b41e3-7a6f-4d80-84bf-f8d7b0e2d0e1,audio,dogs
27,34a3747a-0b77-42f6-ae19-87c38b94b674,GIF,science
28,2920dccb-e06f-49fc-8049-b6d4164dfe84,GIF,veganism
29,Infinity,photo,healthy eating
30,Infinity,video,food
31,74718bbf-e5a3-442f-8ca2-4a3428757fc1,video,dogs
32,89fd8f89-807f-4076-b7e7-84db361e11c1,audio,studying
33,02fa1c4f-722d-46d2-a85e-e5b136b5f3bc,video,cooking
34,Infinity,audio,food
35,07f88a73-aef2-45fd-8b5d-418e448b853d,GIF,Animals
36,49367a0f-1fd5-4417-a7c9-4a154e1ae0ad,photo,technology
37,457301ee-3e87-40d8-8b82-ea4e1fa90e39,GIF,healthy eating
38,4fa14453-7b29-4302-b51f-9aa23b472c1b,audio,animals
39,16757b80-2803-4464-b5d7-e372d8d77337,GIF,technology
40,Infinity,audio,fitness
41,4478d98e-43e8-4dc0-884d-c1115aa8b970,audio,animals
42,34f73132-fff6-4f01-a5ec-4b4b66461fc7,photo,fitness
43,Infinity,photo,veganism
44,220d9dc1-f8a5-422d-b200-3819f3b89b2b,video,dogs
45,Infinity,GIF,healthy eating
46,18b4da8a-5f22-4dbe-b2af-c9013581cdd9,GIF,studying
47,259cd56f-b017-4a41-81a7-f26ce9b35092,video,culture
48,14ed7f7b-2c96-4458-8a39-606c25c14180,video,tennis
49,Infinity,GIF,tennis
50,2d949603-6676-4402-900b-2c2c78315ea0,audio,culture
51,50c9237a-541c-4f10-a2be-7cbe076b2012,GIF,travel
52,5ecd7f9d-4184-4836-b1c5-f03e131ba0a7,video,science
53,Infinity,video,technology
54,Infinity,video,science
55,82145a60-013e-4d96-81a5-399af8618158,audio,food
56,Infinity,GIF,food
57,9dd95c34-8b39-4776-a232-412512329c3f,audio,fitness
58,Infinity,GIF,fitness
59,78713905-362f-4a87-9671-adab5f1e0e67,audio,dogs
60,87349e5b-eda4-4ae6-94d7-c42b9c5f03e9,GIF,healthy eating
61,5fbbdd47-e1ca-4cd4-bb24-dd0eb03f99b0,video,culture
62,Infinity,GIF,soccer
63,026973ef-4b73-4901-9160-bc9e04516057,audio,culture
64,Infinity,audio,education
65,Infinity,GIF,education
66,258bb775-3c35-4eec-90f3-8b75a52e466a,photo,education
67,8d32243c-2dd1-4128-bde1-d643207e582c,photo,studying
68,Infinity,audio,science
69,3d8fffab-6107-4d7b-9485-c610e233c91c,photo,studying
70,409aa11d-5af3-4a70-9da1-482857f5835e,GIF,Fitness
71,Infinity,GIF,veganism
72,Infinity,video,science
73,9ef39aa2-60f9-4e4b-b666-c6cb97015503,GIF,travel
74,841403fd-321b-4118-90b3-cc0075d64047,GIF,studying
75,3724de8a-ec2f-4021-a3f1-605d551da9d0,video,culture
76,2d0926be-9a29-4e6c-b342-815c70172214,GIF,animals
77,Infinity,photo,science
78,0491183b-be25-4108-b667-8c30d3cdbf50,audio,veganism
79,359b93ea-446f-4202-8801-db238de5de4d,photo,food
80,0adb9a94-210a-4e84-bca1-13db9452ff0e,video,healthy eating
81,3c510b35-43e2-4e84-a805-86c5ebddc4cf,audio,studying
82,86346263-02db-4020-a216-9e54f502f643,GIF,travel
83,3dfdcf9c-aaa4-41ea-9a7c-b3ba09103467,GIF,fitness
84,3529c44b-d0f4-4bd2-b6eb-be97d2f7623f,photo,studying
85,45dbce0a-dbd8-4c4d-a492-4f5b84850d5c,video,dogs
86,Infinity,GIF,veganism
87,9d94f180-947c-40f5-aa05-f1958759b7fc,video,science
88,6ef45d36-cd14-428c-b5cf-ad2f06371c6e,GIF,cooking
89,497da46d-d5d5-45b0-827a-f2b75d7bf4c2,photo,culture
90,Infinity,GIF,culture
91,Infinity,GIF,technology
92,Infinity,photo,culture
93,Infinity,video,animals
94,1de2f0f9-61ab-43fb-9180-6870824c63c0,GIF,science
95,Infinity,photo,food
96,Infinity,GIF,veganism
97,Infinity,video,healthy eating
98,6d6cf6a3-4187-44ec-af28-91c99b584bcf,video,veganism
99,5d8dbd6f-cc78-4f7a-a65c-cd9dde481dd0,video,healthy eating
100,Infinity,photo,studying
101,Infinity,photo,dogs
102,72822fb8-8a40-4cf1-a86a-42140b3bf9f3,photo,travel
103,Infinity,video,soccer
104,Infinity,audio,culture
105,62681a6c-fe82-4186-ba7d-0805ae5b95ed,audio,Veganism
106,Infinity,video,healthy eating
107,67f2a150-6086-4cbd-8d21-46250ccef5a2,GIF,cooking
108,65545cfb-59bb-4dc1-a38b-82f268210da2,audio,technology
109,433607b3-eeb4-48b8-9263-9805c1b89d55,video,education
110,0f1fce4d-78a3-4e0e-8a7b-ebd5f97c305e,photo,dogs
111,1000371f-7758-4c44-a1bc-41fd836b0bcb,audio,studying
112,5a5bf39d-1bfd-43f9-b304-ea8fbaaa3528,video,studying
113,8e3896e3-2f84-4b47-9365-fb562c9ed730,video,public speaking
114,Infinity,audio,technology
115,Infinity,GIF,education
116,391a9aa4-c04a-431e-8366-712d92267c2b,video,public speaking
117,Infinity,video,studying
118,36d36f19-7a10-4d7d-a3ab-a3f2cbbfcf4a,photo,food
119,Infinity,GIF,public speaking
120,Infinity,photo,animals
121,Infinity,photo,education
122,Infinity,GIF,soccer
123,Infinity,photo,travel
124,1beeffff-f261-435f-a109-6fafe46669d4,photo,public speaking
125,61e6650c-5068-4575-9aee-4217ef3dbdb1,GIF,tennis
126,3a7f83a0-b9f9-44c1-a15d-656c4095e732,GIF,soccer
127,2b6921de-e7f2-4e30-8feb-36bd41becaf0,audio,travel
128,6efd3911-1705-49dc-aa7b-994ce83a7387,photo,fitness
129,Infinity,video,veganism
130,Infinity,video,cooking
131,61b45c79-c23b-4bbd-a4fe-0bb3611486c7,audio,tennis
132,2c511a63-5eb5-422f-8483-c9fcf9a29b55,GIF,technology
133,Infinity,audio,technology
134,2cbbdbf6-b34e-4fbb-bdc6-904e61f91ce7,photo,animals
135,Infinity,video,soccer
136,509a5fb0-9bb2-4809-9f90-18ae007acc94,video,dogs
137,Infinity,GIF,soccer
138,08cc29f3-a22d-4652-8f27-ff9e0a826289,photo,technology
139,Infinity,audio,technology
140,3a106d1f-3942-49d4-9358-417f33d760c6,photo,Fitness
141,1830df30-c239-4287-8d63-fadcb8ced884,video,veganism
142,5bb364a6-8646-4cdb-b1cf-09f4125718d8,audio,soccer
143,Infinity,GIF,fitness
144,Infinity,video,education
145,Infinity,audio,soccer
146,6199f5ca-cc02-410d-a408-e034946de162,video,animals
147,9fd8c6fc-1c8f-4a1d-86ec-cd1c71e044e1,video,public speaking
148,8490c29c-177f-4c21-9d37-d509f9287f30,GIF,tennis
149,Infinity,video,science
150,5651450a-d330-46e6-bac9-c7c7e7defaf2,photo,animals
151,7c2e209e-acea-4246-a32d-636e2f2cc2c1,video,dogs
152,Infinity,audio,studying
153,1bbdebad-2218-46fd-8afc-ddd9b4d56d97,photo,veganism
154,2eb7feec-26a4-4949-8470-3e66c16536e9,video,tennis
155,0d3d0a35-f806-4536-8733-abf1f92763e2,GIF,studying
156,Infinity,GIF,tennis
157,7bb8c7ec-8d65-43e8-a9fb-ac01936b18cc,video,cooking
158,6e418568-a2b9-4d08-b241-06362c96a7f1,video,food
159,93c0f4f6-8c1e-453e-8df0-3015b1e76376,video,technology
160,2893a837-3157-4bbd-918f-adc93b60480a,photo,healthy eating
161,34123572-64b7-4f3d-b098-a2651d882fb2,video,dogs
162,811834bf-44bf-47f3-ae30-e305591177d6,GIF,animals
163,Infinity,audio,culture
164,8f3cce80-d539-4f83-84f6-901e524c088e,video,travel
165,27fffa3e-000d-4f29-9358-5b0d2280d18c,video,dogs
166,3c092e34-bac9-4e63-a7fa-0608fb73914f,video,soccer
167,413101f7-ea05-4df6-97cf-9891245c5ed7,photo,science
168,6be333ca-7797-41a5-9a2d-e198037d30ed,audio,food
169,Infinity,photo,soccer
170,Infinity,photo,technology
171,Infinity,audio,fitness
172,Infinity,photo,studying
173,43e53b12-71cb-4aad-9cb7-8c3572053230,audio,fitness
174,Infinity,video,dogs
175,2c0e1f1e-1af8-45b6-b8f2-9714358dd2ad,audio,Travel
176,748ab616-8066-4c61-b6af-d7442545d12a,audio,veganism
177,Infinity,video,science
178,734c0b94-6729-44ef-af97-90a3a51a466c,video,travel
179,43da458b-66fe-4723-996c-57dcfad67edf,GIF,food
180,3d02ae44-c8f2-4d2d-a64c-9355a4f46430,GIF,fitness
181,7dc268e5-b50d-4280-82aa-e08af75a8a0a,photo,science
182,Infinity,GIF,cooking
183,Infinity,audio,cooking
184,1429467d-e8a2-4292-bd46-921e8bd87b30,video,public speaking
185,Infinity,audio,studying
186,7d459555-a816-4d20-893c-a002e0a74ce3,audio,healthy eating
187,Infinity,audio,science
188,Infinity,photo,fitness
189,27ec2b21-a749-4181-b182-150a174fc277,GIF,animals
190,8bcb980c-6f36-484d-974f-30b3e8fcc251,photo,travel
191,Infinity,video,food
192,1f466010-5c87-4b81-be83-5856481231fb,GIF,soccer
193,496645a7-64f7-4c56-94f5-a71671cb262e,GIF,dogs
194,Infinity,video,tennis
195,229d5bad-c1e4-439c-8978-0efdcdfea4d1,audio,food
196,80d4bec9-6441-41a2-be74-0eec3e5317ef,video,tennis
197,457d54ed-e0bf-4574-80e3-561c1bbc4d3e,GIF,science
198,57a8bb62-a264-42d4-a1b0-6e4c0f859a5e,audio,cooking
199,Infinity,photo,education
200,48a824bf-e495-4333-8acf-c800947ec2cd,audio,soccer
201,2019333d-2b9c-4a22-904c-d1f1aa9c68bb,GIF,food
202,88d65e30-7ca0-4f32-a020-45c4cb3d9632,audio,travel
203,05776481-7b58-46d8-abf6-bf4de7831287,audio,travel
204,323c35ed-081f-4efd-8bd6-ce5208ceb0ed,GIF,animals
205,8b51c05c-a8a2-4a6c-b031-165fb7bac840,video,dogs
206,58059956-4cde-4671-9baf-904851731540,audio,education
207,Infinity,photo,veganism
208,Infinity,video,animals
209,Infinity,GIF,veganism
210,429632b9-88c0-4163-a7ed-4272a04f7838,audio,Animals
211,281054fd-2b89-4191-92ae-98e1bc0ed51b,video,fitness
212,Infinity,GIF,education
213,8ef185a2-8910-41f5-a109-95c925ebffa0,photo,public speaking
214,839d117b-c764-4930-99f2-a6e4d1b47790,GIF,cooking
215,Infinity,audio,soccer
216,037189e3-18c0-4f6c-a8cc-d6b86d679891,GIF,food
217,709b527b-d26f-48f2-91f8-3cdd9702e564,video,tennis
218,909cbb46-9789-4e9d-9148-890e5c44a9e2,audio,animals
219,Infinity,video,dogs
220,1987b43d-bcb9-4ab0-8634-ef3623928e94,photo,education
221,1a69604e-95a0-4b91-8051-f3730b7e009b,video,fitness
222,3e64dfe3-e832-4352-a170-9806f64ac507,audio,healthy eating
223,30c8a141-2c2e-4272-8854-ff5673509652,audio,culture
224,92855e17-5173-4481-a3d2-b9374263f597,GIF,fitness
225,Infinity,GIF,technology
226,Infinity,video,healthy eating
227,4ce7258e-3777-42b4-af6a-dd8898c42cfd,photo,travel
228,75747dd7-8dad-4f2f-9209-62765223f3af,photo,fitness
229,Infinity,audio,studying
230,Infinity,video,healthy eating
231,96209724-37a8-475b-b80a-03e96a7c33b1,GIF,fitness
232,Infinity,GIF,healthy eating
233,Infinity,video,veganism
234,Infinity,video,cooking
235,3dc03a86-f481-42fa-bf43-a7bcf3b6572e,audio,fitness
236,Infinity,GIF,fitness
237,18a07663-ba3c-4ff9-94d3-bd533aa853c2,audio,veganism
238,Infinity,audio,culture
239,Infinity,audio,healthy eating
240,350e0d40-e036-459c-9cbe-73e003c33cfa,photo,technology
241,0e2169f4-b881-42d0-b99c-034b32f83504,GIF,food
242,60ca0278-5ed6-4669-939b-e6dc2021c07d,GIF,technology
243,13a4d35c-761c-47a3-b25b-5cc5825d04f2,photo,travel
244,062cbf2f-fc22-4357-8890-63e7f13fcd37,audio,education
245,45752c15-a54c-4b0d-8fe3-f39c40f6c8d9,photo,Education
246,Infinity,video,public speaking
247,5b379d75-649b-426f-b420-4e0b6e4a0e3d,video,soccer
248,7fe36d94-8867-4719-9c62-60b077cf5973,photo,travel
249,56df8914-9d42-434d-9612-6bb518dd641e,video,fitness
250,78461336-26e2-4d0c-ab9a-fefbe419a8dd,video,dogs
251,25934ec0-56f1-4fe1-9bf4-d46b1dbb42ad,photo,veganism
252,637f80dd-2d70-4658-ba5f-8d909b050781,video,studying
253,Infinity,GIF,veganism
254,227a8c57-e5a0-46a8-999d-fcdea42c0905,photo,education
255,94be0dfb-a23a-4426-9c3c-e4db1fd914b5,video,public speaking
256,19179d57-4950-4a98-87fa-98f824551a6f,photo,education
257,3926740f-e4f7-4229-9aad-e435149d0d2f,photo,science
258,590873fc-e921-4396-a173-a43451675afc,GIF,studying
259,Infinity,video,travel
260,Infinity,GIF,dogs
261,70b0202f-cd58-42fe-acd9-7b2f8cf9e7c6,video,cooking
262,2677e7fa-4c0e-44c5-9d4c-66615a42e86f,photo,dogs
263,4b10b6a2-d8ad-4f48-835a-e0ec47e7e72c,photo,education
264,990ad477-b9eb-4ea6-9ec8-3f941f53b758,audio,animals
265,2240bbde-db67-4d73-b885-f0117b4b2080,video,food
266,8338222c-c31f-40f3-883c-44125f36bae8,video,education
267,59bb59ce-776b-4d28-85ee-c0d71c690b6a,audio,animals
268,Infinity,audio,fitness
269,Infinity,GIF,culture
270,72878c11-38cc-4442-bc81-7eeef47c531c,GIF,animals
271,Infinity,photo,cooking
272,5163acf9-9bde-4f09-81e2-d8711e774360,audio,healthy eating
273,802a8533-3051-4e2c-ad30-7751ece5d514,audio,food
274,8f12f846-7528-4516-aa7c-f937d868c904,GIF,culture
275,35489ad9-c3b5-4fcd-a6c0-9f2c667c55a8,photo,studying
276,636e6499-b670-4cd4-a829-2c4c9e07db2a,photo,soccer
277,2363df47-ee8b-433d-bbfc-34d5ac57e2aa,audio,travel
278,Infinity,GIF,culture
279,9ec9b340-df2d-472f-9a7f-80b4790788e6,photo,travel
280,5c38166c-8305-4227-ad54-bad36df2a57a,video,Fitness
281,Infinity,photo,cooking
282,Infinity,audio,tennis
283,Infinity,audio,public speaking
284,05805658-8744-4cc4-825d-cbfed0ecea7c,photo,technology
285,962e5969-cd65-4670-a2ae-b0266908426b,GIF,studying
286,6fc7f722-0a93-4420-8376-09d6536ecef8,GIF,fitness
287,1601a6f1-4b94-44ed-b9a1-6f64a1a82e9a,GIF,fitness
288,Infinity,GIF,cooking
289,Infinity,photo,tennis
290,Infinity,GIF,animals
291,77099957-1551-435e-b386-704d8b91a46e,audio,cooking
292,760e026f-8373-4aa4-acb5-03eb102fc733,audio,food
293,5c7fa152-9628-471d-b715-84e15c4b5d38,audio,tennis
294,25948d39-4549-4ead-be71-6a571bd56fe1,audio,science
295,Infinity,GIF,animals
296,678dd299-afc6-4e35-890d-38a016cfdeff,video,public speaking
297,4bdd31e0-2f59-4262-bcbe-546678a3d203,photo,healthy eating
298,11b96207-c1c5-4083-948d-2942684aae0d,photo,studying
299,51a26a10-6973-4882-aa88-98b53978ce01,audio,veganism
300,693b5f91-52b1-4464-916c-91adccbec996,photo,culture
301,4898f7e1-1431-4e9c-a444-dbea02d58f85,GIF,food
302,8ea001b0-f13b-420f-b0f2-0cc35bdcd152,video,studying
303,42afb980-6f27-40d3-962e-bff8eada090f,GIF,culture
304,70a9e79f-ca7b-48e1-b521-c1d16cb2e36d,GIF,education
305,7dfe344f-172b-4d1d-a9a5-d63e7a097642,GIF,culture
306,581634a6-14c7-4c0a-8c7f-34238e58cf6a,GIF,veganism
307,1e773c55-ec7e-47f2-916d-98d0b778a048,photo,food
308,Infinity,GIF,tennis
309,194f1ad7-43bf-4cdd-a01b-e6947df47403,GIF,tennis
310,85e013ce-3474-4c9a-a4ea-7b726a29baae,GIF,animals
311,212b7926-c743-45d9-85f2-63e0e8f85208,photo,dogs
312,Infinity,GIF,soccer
313,Infinity,video,travel
314,9a5951a5-a36f-404e-a746-f6023c160fc0,GIF,science
315,26ea4466-0d88-482a-afab-e502beb4a316,video,Fitness
316,9ee8836d-af4b-46ad-8869-4e0b1dedff7d,audio,tennis
317,Infinity,audio,cooking
318,Infinity,audio,public speaking
319,Infinity,GIF,food
320,Infinity,video,fitness
321,Infinity,GIF,cooking
322,31f3802a-fe3d-441c-8732-102bd39f6db5,audio,science
323,4b582733-141e-488f-8d02-3c4b149815a5,photo,fitness
324,4e659bd8-44b6-41a3-893c-c528474a29c9,video,education
325,8866b759-c55c-4fd3-9753-8a69265c481e,video,science
326,915505a1-6d75-4894-8200-0f088c19431b,video,cooking
327,Infinity,GIF,cooking
328,3ce1063a-2277-4285-97b0-9bd53a941cd7,GIF,travel
329,42d062ec-2107-4fbe-9a77-2e00c67a7d63,GIF,culture
330,1089b539-bbb6-4ef7-ba3e-a15af2bc5f42,photo,food
331,2d10f5b0-c590-429f-8b68-52c239617d26,GIF,technology
332,Infinity,audio,cooking
333,Infinity,GIF,science
334,Infinity,video,culture
335,178f85a7-c2d1-4127-94d2-30adf96ae7fd,photo,science
336,89cf06bc-e921-4cfd-bd16-d071757d90a2,video,animals
337,Infinity,video,technology
338,16fb5dcb-4349-4831-acf2-8c116ad7dae5,audio,technology
339,0d5eb9fd-879d-4716-aebc-840f7b1b7e9f,GIF,dogs
340,Infinity,photo,education
341,Infinity,video,tennis
342,0289b7bc-bc95-4f1d-83fe-9ca662194158,audio,tennis
343,3a7b85dd-717e-4460-8144-498fdbc9380c,video,education
344,03e51c25-cba9-471b-b627-f15550b83fca,GIF,veganism
345,Infinity,audio,animals
346,71246f1e-0b64-4922-a6ae-c86c446837be,video,healthy eating
347,41bc0418-db4b-48b4-ada6-18eda999cd25,video,travel
348,31d142d9-4557-4613-bce5-cfe63cd0a3cf,photo,soccer
349,77f0131d-a06e-40d6-8f6d-a64c0491d1b5,audio,healthy eating
350,Infinity,video,Technology
351,447954af-c2c0-4546-881c-3ba1cb104209,audio,tennis
352,Infinity,photo,public speaking
353,Infinity,video,dogs
354,3b436c19-72fe-429a-80dd-88d24ef549d1,video,soccer
355,0c042b6c-725e-4591-a666-cf32c5ec7cc8,audio,public speaking
356,Infinity,photo,public speaking
357,Infinity,GIF,culture
358,7e2e14e2-79eb-41d0-8d5f-eba20460f049,photo,dogs
359,34cb120b-853b-4788-8978-a3544449136b,photo,food
360,Infinity,GIF,soccer
361,Infinity,audio,healthy eating
362,697af362-e84b-4429-b4ea-4123c6ab44ba,video,science
363,8f640e2f-27bc-46cc-a43a-f750e357fc35,video,soccer
364,Infinity,photo,cooking
365,Infinity,audio,technology
366,Infinity,GIF,soccer
367,54acd843-1e09-4b30-a80a-b9e0295ff269,GIF,tennis
368,972b6e82-421f-43f6-905c-2168933de18f,video,animals
369,Infinity,audio,animals
370,78c7c5a7-5de4-469e-8460-49e8e491bde6,GIF,public speaking
371,Infinity,GIF,culture
372,567ddaca-f9aa-4e53-b9b7-b745a1ac0c95,video,culture
373,46bd9a52-6547-457f-87fa-0e434e5bc61c,photo,fitness
374,Infinity,photo,culture
375,501b2f88-999b-4ad9-b2f5-4b9c36a31259,photo,cooking
376,Infinity,audio,tennis
377,0da2523f-acc4-4687-9844-45eaa5e90c65,video,technology
378,Infinity,photo,healthy eating
379,Infinity,photo,culture
380,23a1f257-2f17-4e67-aec1-626c77d73216,GIF,studying
381,02ba5af1-784a-44cc-ae3a-14833c4a2237,video,healthy eating
382,Infinity,audio,healthy eating
383,86f4e4df-636a-48f5-bb66-03ea4fd00214,photo,veganism
384,Infinity,video,studying
385,Infinity,video,Soccer
386,91f7585b-c756-475b-9f21-877d7c48b579,photo,soccer
387,9a2c328f-16aa-490c-8ca2-c7deaa90db3f,photo,culture
388,800f467b-53a3-4d20-9342-51fe4fa36ebb,GIF,food
389,Infinity,GIF,culture
390,38a50d44-5a3d-41c1-bf46-58638def9442,video,fitness
391,0d165485-5aa6-4b45-a18a-9449293727a2,GIF,technology
392,45d2d284-1830-45a3-8c9d-95f8bdec3202,audio,studying
393,2dcf2359-f366-46a4-8ac0-14229d056bb3,audio,studying
394,Infinity,photo,science
395,Infinity,audio,technology
396,29d7781c-9302-4269-91f3-c23afb33467a,video,public speaking
397,1517abf6-67ed-47e1-9b9b-7e79a23a4d22,photo,education
398,084a6656-0c55-43a7-a34b-7e5c5279a56d,video,healthy eating
399,4df372b3-ed9d-41ef-b33d-b576ec383dfc,audio,dogs
400,93081b1a-4446-438a-a0d7-fbcedc3c992d,GIF,soccer
401,Infinity,photo,dogs
402,Infinity,video,public speaking
403,Infinity,photo,animals
404,64b9d086-2fd4-46d0-a19d-848572029de1,audio,healthy eating
405,Infinity,audio,animals
406,362bdbf7-5b75-4ae5-8f37-79ef06b6e8e8,GIF,technology
407,77b49477-2f3c-455a-b8f1-09ec2e553174,video,cooking
408,1413f582-4261-4037-93bd-7356b0e9e017,photo,veganism
409,Infinity,GIF,technology
410,Infinity,GIF,education
411,Infinity,video,healthy eating
412,9522ddea-8e07-4a2a-a001-25e4a534b8f6,GIF,technology
413,8477eb49-08fd-44c3-a238-a13ee8cc5be8,audio,food
414,Infinity,video,fitness
415,Infinity,GIF,science
416,Infinity,video,education
417,6dbd153c-5b69-4ffb-a869-6285fb0c764d,audio,technology
418,9108109e-c521-4528-9d90-4c804cbb866d,audio,veganism
419,Infinity,photo,culture
420,4b00c81e-66dd-45bd-9fb5-a9d2b37b62bf,photo,Animals
421,88cbf75c-79f0-42cb-8733-af670f39d6e0,audio,animals
422,58e8f463-aee3-46bb-81bb-a49ed8de8b04,GIF,technology
423,218838d8-52f4-4608-a1ba-d8988cc3d029,video,food
424,81d2e41e-39c2-41da-bea4-a6b46daa3f6f,video,science
425,197dafda-42bd-4a0c-93b1-2ec8bb0214f6,audio,travel
426,Infinity,GIF,technology
427,Infinity,audio,tennis
428,96d90aa6-a75b-4a75-9565-45f6cc8c9e98,video,public speaking
429,Infinity,audio,science
430,7f9423ac-89b4-4a9a-9747-76e8dd533e81,video,education
431,6b09861c-712e-46e6-a2a5-72e4b3878767,photo,studying
432,4c009116-c94a-4633-83fb-956565358565,photo,soccer
433,34cd13f5-5fa9-45fe-ad8e-0135b67b558d,photo,tennis
434,763560f8-e3c4-4dec-a40c-411c22d05c7b,photo,food
435,21bc508c-dd96-4fb1-b8a1-a92bef9fa666,photo,animals
436,5911afa4-2af5-4e7e-b6e3-e3b985597aa9,audio,dogs
437,9531f7f8-d0cc-4e42-9cbb-94d93692653f,photo,soccer
438,3cec7ac2-f9b6-4e4c-b392-63c59c3621f2,GIF,healthy eating
439,09bb0893-a05b-49bc-95ec-1e158577bf13,photo,healthy eating
440,Infinity,GIF,cooking
441,Infinity,audio,public speaking
442,Infinity,GIF,culture
443,28fbf4cf-c354-418c-8672-b7f2fee75b00,photo,culture
444,Infinity,audio,cooking
445,Infinity,photo,technology
446,5ecad91d-3e8f-4a9e-9473-c3db5f2ab72f,audio,public speaking
447,2b7f2d2b-2a0b-4d33-ada9-ee9629742dff,photo,healthy eating
448,57528f91-7b0d-4120-acaf-82ee87f6df7d,video,education
449,Infinity,audio,culture
450,Infinity,video,tennis
451,4e7535a7-4547-4da5-952e-607442ebed79,GIF,dogs
452,5444a751-c58b-456a-9fc9-1e4f292f2920,GIF,cooking
453,4c598198-bd8b-4b86-8440-b8ecba62abe7,photo,technology
454,1157961e-120e-4b2d-8fb2-705433ed9918,video,veganism
455,Infinity,audio,Soccer
456,1f0ed2b8-8531-416f-b694-a40a63f378a0,photo,animals
457,65304022-f925-48f0-9dfc-436578f22c77,audio,soccer
458,754eb96d-65d0-416b-aec4-4ba35836157d,GIF,tennis
459,Infinity,photo,animals
460,476e3ce0-3291-4c77-b3a3-deabee114efc,audio,healthy eating
461,83d08b29-6cdc-436c-89a6-20c3d60f7e73,GIF,soccer
462,Infinity,video,education
463,Infinity,GIF,tennis
464,8de4028d-9af3-4dc0-a4d6-4d9a56eae3c5,audio,technology
465,Infinity,video,soccer
466,3ac5929e-9d68-4ec5-ba6f-a018d3d4da41,video,tennis
467,674507f9-c555-4876-89c7-c06b6db561c0,audio,animals
468,Infinity,video,dogs
469,Infinity,photo,public speaking
470,732e236f-f063-42b6-b5c1-24938385a126,audio,education
471,Infinity,photo,tennis
472,6fd589e8-53ab-4345-896a-f428a92fcbe6,video,education
473,1c77e474-0cc6-40ac-b48b-cbc511bffc77,video,healthy eating
474,Infinity,GIF,education
475,10baeb43-5bb2-49df-9644-f91a3c77725a,photo,food
476,Infinity,photo,culture
477,2ea5611f-f6e0-4696-9153-cda8d2b9a2a3,photo,technology
478,06a70268-f59a-44b4-8ccc-6c8e6625a491,video,tennis
479,7f5299bf-ae57-4c01-a84c-f0c6bc7a5b5f,audio,animals
480,Infinity,photo,food
481,Infinity,GIF,healthy eating
482,Infinity,video,public speaking
483,Infinity,photo,public speaking
484,2e84726a-e69f-44e8-ac0f-c4a31516e342,video,dogs
485,Infinity,photo,healthy eating
486,Infinity,video,travel
487,4d510edc-7c08-4524-a14d-f36f3b710020,GIF,fitness
488,4fd0ef9a-008d-4b61-9a78-4b0257281140,audio,technology
489,6796d3e9-ee98-47cb-b057-90cfaf6ebcbb,audio,technology
490,76898916-4024-4c32-909b-dd240879d76a,GIF,Animals
491,8204e4bd-c544-4a18-ac0d-6f5289957cdf,photo,dogs
492,301cfd14-3e4f-4058-b253-c591ef150888,audio,veganism
493,56a3156c-41e0-4b35-8e6d-947961b3af5b,photo,fitness
494,Infinity,photo,cooking
495,60223ac7-2fa4-4bba-8156-1d90b367e21a,photo,public speaking
496,74c85e37-5017-462e-bee2-2769db7a17c1,photo,healthy eating
497,Infinity,audio,fitness
498,79f1b9b4-b21b-4abd-802a-811540cbc845,audio,travel
499,Infinity,video,food
500,6380e982-07ac-4d21-bd23-cec0bcfa1ff9,photo,soccer
501,Infinity,GIF,travel
502,43450a12-1e4c-4a17-a846-9d8768984051,video,animals
503,7913b30d-19fd-4900-8a68-ce141192b3ec,audio,cooking
504,Infinity,audio,tennis
505,Infinity,GIF,technology
506,Infinity,audio,dogs
507,Infinity,GIF,tennis
508,Infinity,video,food
509,Infinity,photo,travel
510,Infinity,photo,soccer
511,52995b7c-6f2d-469c-a331-596323e6ad67,audio,science
512,888660b0-7dd8-4983-858a-101cd03d392b,video,science
513,14ebfb59-8d36-4857-b8e2-b6d2fb3b243d,GIF,studying
514,6ccf94b4-f549-4d17-a1d0-3bf7656bce81,video,animals
515,145ed259-6151-4021-bc13-a0b5482e5bd8,photo,technology
516,19f998c4-270b-489d-bea6-ae161d301923,GIF,travel
517,2073855c-fab2-41ee-ad15-d4269b2ac4bd,audio,education
518,3af75639-bdaf-4461-b630-d212e7fb4f30,audio,education
519,12a7140a-6fe7-41e2-b2b4-75d913fcca1e,GIF,studying
520,73fde78d-7908-4406-8377-747873ecd29a,video,studying
521,Infinity,photo,travel
522,0ce7392d-5c20-4ffa-a42f-767f51e9b466,GIF,travel
523,0646f8f9-e558-4893-bb28-2228eb0c9323,audio,fitness
524,Infinity,audio,veganism
525,6ddba21a-cc51-4bbd-b38d-02df5cec5f68,audio,Culture
526,Infinity,photo,travel
527,7286f9d2-7c83-4c7b-bc01-6f56eb0235de,video,travel
528,69ce055c-e0bd-46c5-b856-bf2254d1c490,GIF,healthy eating
529,2d7084fb-b457-4813-829f-73911025eeaa,GIF,cooking
530,Infinity,GIF,tennis
531,8a5dddcf-dda6-4715-a804-10d98cbf8fdc,video,education
532,360df5a1-8118-4972-a5d0-27033dba1f1c,video,fitness
533,985f4b4f-de40-4a4e-a090-01e100be42e9,GIF,travel
534,585c17a5-df96-4a6d-b144-a499e0469546,GIF,healthy eating
535,8ed94c6d-bcb3-460c-aa5f-69199d2495e5,photo,soccer
536,2c5a6a94-7291-409b-ba32-ba34c5ad7c0e,photo,fitness
537,01aff5ec-2aa8-412e-99ec-526f0f9a6d5e,video,fitness
538,853e37de-5ba2-447a-a0dd-a1b4407e5ec4,photo,travel
539,41e6d775-b5ca-4d6c-8f50-66ac3c92a300,photo,veganism
540,Infinity,audio,technology
541,Infinity,GIF,studying
542,Infinity,GIF,technology
543,6ee96d2e-a110-4e43-ab89-b5577b7b3dab,GIF,culture
544,Infinity,GIF,culture
545,3210c7c6-e7a2-4ae3-b69b-a111b359c56d,video,veganism
546,9bc09268-79e8-4402-ba22-ffd1e45fa66d,GIF,travel
547,12b89b4e-6770-489a-b7c3-812de3d61f20,photo,education
548,Infinity,GIF,cooking
549,Infinity,photo,cooking
550,Infinity,audio,food
551,06cc70bd-87c7-4d40-81f9-8a4b9bc9856b,audio,technology
552,3ea56656-03ef-4199-b253-b5241ee21eb7,audio,veganism
553,55d5d3f9-566c-4fcc-b24e-02ca826cce58,photo,science
554,27026304-2cb5-4d64-9959-9ff0328aaa03,GIF,dogs
555,Infinity,audio,public speaking
556,4b1c315b-84a8-400a-bb49-9fec7dc767d5,audio,fitness
557,90418e93-aa5a-4608-866e-25464b617c9b,audio,science
558,6a39e0b5-b1cd-4edd-bdfb-310e1a3e5910,GIF,soccer
559,8cabe738-41cd-47e1-82e2-20972f320fb1,photo,public speaking
560,Infinity,GIF,Food
561,Infinity,photo,education
562,Infinity,audio,technology
563,36bd1711-92f6-4240-8ac5-21df845abe86,GIF,technology
564,2c9b8ec2-7eb1-47fd-891d-a5b23c019839,audio,culture
565,9f3fd778-5ce2-43e5-bc5e-2af9b6b12fc8,video,travel
566,Infinity,audio,science
567,Infinity,photo,tennis
568,7c4f0389-01a5-4ea8-a643-83414441fe81,video,tennis
569,584211e8-3ca9-41a7-aeea-1d308bda53fd,photo,studying
570,Infinity,photo,technology
571,596a3ffe-1e2a-4999-bf8d-c8f4a8974343,video,animals
572,Infinity,photo,culture
573,Infinity,video,dogs
574,632875ea-56de-4160-a76c-d1b3ae9e566f,GIF,public speaking
575,24231380-c9a7-4b07-bd51-c9bd5c49cb7c,photo,cooking
576,Infinity,audio,tennis
577,1c6be4a3-85ae-48da-81ff-44262690af51,audio,education
578,Infinity,video,animals
579,6054518c-4c28-4d65-8ebe-3b4f56108f29,GIF,healthy eating
580,73ef953a-5bda-4532-bcd5-85a2cb61b803,photo,studying
581,Infinity,video,cooking
582,8fa19e64-72ab-4cff-bc92-b8a057395043,photo,food
583,634a05ab-0751-45fa-a1b4-b4a9b8342f61,video,travel
584,Infinity,audio,food
585,46219a74-c2db-4479-a96a-d3ee54d1ea7f,GIF,soccer
586,1cd59d79-a2ca-4a99-92aa-2775117c4589,audio,science
587,Infinity,photo,dogs
588,Infinity,audio,soccer
589,12c49449-a896-48cb-a33b-47e8952f23a7,audio,fitness
590,Infinity,audio,culture
591,Infinity,photo,travel
592,1735c0ee-4834-4428-8e6c-014e8fd44bc5,video,technology
593,Infinity,video,dogs
594,Infinity,GIF,veganism
595,Infinity,GIF,Studying
596,116451da-4b67-4bcb-b43b-b19a914e0d36,video,food
597,Infinity,video,travel
598,Infinity,GIF,education
599,48fd48c7-bc82-414e-8941-aa2090183aec,photo,dogs
600,0fbdd670-a266-4805-9bbc-c5ad73cf97b3,photo,technology
601,87958932-6baf-4339-b01b-6112d9b180ed,audio,culture
602,2f246c65-25f0-4144-b3f1-a180865b1766,video,technology
603,5403a041-447d-42c1-a9f2-3c525449b3b8,video,public speaking
604,Infinity,audio,education
605,1d8fbfdc-3c0f-4fbf-ac50-f812ce9db36e,video,food
606,Infinity,GIF,dogs
607,70047f87-af62-4674-bf30-a03c9ee9db09,video,food
608,0f254679-b92b-4a2c-84b0-ba6f84f59a33,video,veganism
609,26a2a058-3806-42ef-b1e4-24c6b64f9bdb,audio,healthy eating
610,Infinity,GIF,technology
611,Infinity,audio,animals
612,2e866dc0-7c14-4e2a-9edb-9ccc1d1bd048,photo,culture
613,Infinity,photo,culture
614,Infinity,video,culture
615,02fca291-d239-4303-8725-1c114be2f32a,audio,dogs
616,Infinity,photo,dogs
617,00d0cdf9-5919-4102-bf84-ebde253c3cd2,audio,healthy eating
618,7cb131be-2e2c-4c28-9e88-66cec9d34e4f,photo,technology
619,87bf6cd4-f955-418b-aa84-9bfffcb4abeb,GIF,healthy eating
620,80f6df7f-517f-4f0e-b6cb-004d61ad2bc8,photo,animals
621,072fb6c2-1505-408a-a35d-f0c4ffaf2696,photo,fitness
622,Infinity,GIF,technology
623,Infinity,GIF,soccer
624,Infinity,photo,science
625,Infinity,photo,dogs
626,327dd631-2d6b-4acb-b0a7-804cda5009b2,photo,cooking
627,0c6e8e2a-7692-4490-b545-f76b0d06697a,photo,animals
628,9476189c-8342-489e-985c-81de9320f527,audio,soccer
629,Infinity,GIF,fitness
630,410c757b-918f-4c71-892b-2e6e7697bd86,video,Travel
631,51577f6a-e29e-4ed2-93eb-e7bd4eda800a,photo,dogs
632,Infinity,GIF,healthy eating
633,140a5163-66d8-4a11-8d4e-a670483bb852,photo,science
634,436536b2-6d05-4e20-af6e-cade48b4bcf9,audio,cooking
635,9c55917b-055c-4ae0-b044-cce9fb89bfa9,video,soccer
636,5e813176-850f-4791-a750-4961429c2458,GIF,soccer
637,Infinity,photo,dogs
638,Infinity,video,soccer
639,520450a4-c852-4a4e-9383-30657dd07533,photo,public speaking
640,15dc9c91-11a7-45d6-ba68-107e6d4dcf7b,audio,travel
641,Infinity,audio,culture
642,10683ab8-914b-43ae-ad2d-b2fd6a48dc33,audio,soccer
643,Infinity,photo,culture
644,431c5aac-aa89-41e0-99e0-92d237ca9408,GIF,technology
645,4e563460-68bf-461f-8de2-4d27eaacac2b,GIF,animals
646,Infinity,GIF,soccer
647,6a30164f-28c3-4d10-b928-66585a85cbb5,GIF,soccer
648,2387f014-e650-4df6-8daf-a9d863c10c7e,photo,food
649,Infinity,GIF,science
650,9c8be342-6cff-4d80-bf94-fd0fd8ccd845,video,dogs
651,273cb565-8c43-428e-bd2b-46ae0c2ae046,GIF,animals
652,5b71c62f-2c89-4d19-991f-65fedd0b52fd,video,education
653,Infinity,photo,studying
654,965a00aa-3037-4ea6-b6be-26f6fbee029e,audio,public speaking
655,79dfc9a4-42c0-42a5-abe4-2b5d3b8a05ab,GIF,culture
656,84a81261-6334-4ba5-978d-26a45d28a44f,audio,animals
657,595037a5-5e9a-42f6-8f50-a55827dc41ac,video,animals
658,22cdf77b-00c8-41c3-ad59-333c3e751e2c,audio,fitness
659,28b8c278-a125-4295-98dd-5f8d45c3200b,photo,tennis
660,Infinity,GIF,technology
661,0c91753a-0bb4-4b77-a919-96c2f998ad91,GIF,fitness
662,Infinity,GIF,cooking
663,9a25d0c6-1134-41d2-abc4-e893c41363bc,video,science
664,2f5dd79a-8884-4086-ab6f-00b3bea9d366,photo,cooking
665,5a0b2edf-78dc-4c4f-ada9-464523b52f12,audio,Fitness
666,37ff78d3-d31c-4bde-95c6-83390749a367,video,fitness
667,Infinity,GIF,public speaking
668,Infinity,video,fitness
669,Infinity,photo,science
670,18cb1ce7-fb66-4a56-8042-e38c9593ade1,photo,animals
671,Infinity,GIF,travel
672,Infinity,video,soccer
673,781383dc-f5ff-4d62-87df-c3557f5eced9,audio,technology
674,Infinity,video,tennis
675,Infinity,video,culture
676,43830153-4c89-4502-a7f7-bedbc08cf903,audio,fitness
677,43ea5509-7ff1-4150-b263-d5eac9d6f69f,audio,dogs
678,0be329af-19d6-4a34-8bc1-f4391e9877dd,video,dogs
679,99fcc8a6-550f-47a1-b312-aba8a031f6c7,video,travel
680,7cbe1ddf-f81e-4597-be11-420b4dd815dd,GIF,technology
681,Infinity,video,cooking
682,72167d71-578d-428f-af6d-5a8a92e677af,photo,animals
683,Infinity,photo,cooking
684,5f87a730-589d-48fb-ab94-e69274d7b89e,photo,food
685,Infinity,photo,food
686,74622897-59cb-4cf4-8ffe-3a25aeebc234,GIF,fitness
687,09f5578e-6cf1-4e80-b102-7aae7b9d5d67,GIF,studying
688,Infinity,photo,tennis
689,Infinity,video,fitness
690,1287b5c5-604b-462b-bf77-e64a8e89739e,photo,studying
691,Infinity,audio,education
692,Infinity,photo,cooking
693,1b7d1f70-21dd-483b-b395-e15f4c2368f1,photo,animals
694,27e2cea3-b408-4e66-801b-29fdf7c03b05,photo,travel
695,Infinity,audio,technology
696,846b8dcf-d2d2-45e7-816d-7dd62d4fbbe4,audio,culture
697,3fc1f583-ce7e-4cfe-b891-d16976953fda,GIF,science
698,5d3d5107-2404-4fb8-a9b6-3c8428492f64,video,studying
699,46c69019-89b5-4a13-9b8a-2942ca22837f,video,science
700,2c043e74-63e2-472b-a31a-6ea060febfc1,GIF,Education
701,6b2db46f-f733-4b56-af09-0ed7bb232ed4,audio,animals
702,461cb0ce-0b43-4f13-a8bd-847fc6428c6c,photo,fitness
703,7df4b13f-c41a-4c81-88fb-213a6a96acc5,audio,culture
704,7df08397-b59a-4973-8c62-fc5d4c36c08a,GIF,veganism
705,28fc1e6d-eae9-47de-af11-11ad726b2a88,photo,cooking
706,7e9865ec-7455-4b39-89f7-92e2a82d0f12,GIF,education
707,Infinity,photo,veganism
708,292051b5-b835-4a60-962a-bddf10da82bd,photo,technology
709,088e2e43-61a8-475f-a3e6-061f626b0f16,photo,veganism
710,Infinity,video,animals
711,02664d35-87cf-46a6-a80b-78fbc9ac8b2f,GIF,science
712,Infinity,audio,public speaking
713,Infinity,audio,education
714,Infinity,GIF,soccer
715,3896723f-560c-4008-9635-e3ecf1e2b37c,video,cooking
716,Infinity,video,public speaking
717,9c6b0084-60ba-4e88-a0c7-ba0f61ec2c11,audio,cooking
718,Infinity,audio,travel
719,Infinity,photo,culture
720,45630f5a-78c1-46a1-bdc7-79cd11bb3c13,photo,travel
721,79818849-98f9-4b6b-9be8-4ed4c1ad59a5,GIF,fitness
722,579d5149-3549-4757-a0c4-545821236fb0,video,tennis
723,475541da-3402-4d0e-9df5-0da198f8fc9c,video,culture
724,Infinity,GIF,culture
725,Infinity,video,technology
726,17e3a8c5-ecb6-445d-8b69-f8c202d08549,audio,cooking
727,Infinity,photo,animals
728,8ec8db61-8bea-440b-88ee-f1f593eb4a7f,photo,education
729,Infinity,audio,technology
730,6082eb46-c239-40f5-bfcd-fb72b823ee71,video,healthy eating
731,59523d44-6113-46a5-a85b-38de2ce7bfa1,photo,travel
732,Infinity,GIF,science
733,9c066976-30e0-405e-9973-5c4342271a70,audio,tennis
734,1934a201-0590-41af-bf40-5ddd6254d744,photo,education
735,279fdb2b-e9ca-4531-b55f-c8fe294083cd,video,Healthy Eating
736,2297a93f-370d-47e7-8df3-3d464b3a0c0a,video,healthy eating
737,25290b06-ca05-43eb-8e54-e345a41ddba7,photo,education
738,0411a1da-97e1-44b6-945d-06b4682ba802,audio,technology
739,Infinity,photo,technology
740,Infinity,audio,education
741,Infinity,video,travel
742,3fe1e6e6-6d1d-43f5-9c25-7d0a1c14744d,video,soccer
743,8526d7cd-bf33-4bf4-aa07-2c25c610cc74,audio,dogs
744,Infinity,audio,cooking
745,Infinity,photo,travel
746,881d8944-8eeb-4439-b40c-9396a1e31f20,photo,science
747,4b2d0fff-3b4f-43ca-a7df-c430479cb9ba,video,soccer
748,Infinity,GIF,science
749,8945e374-9170-4799-b6b0-78fd9d5821a6,video,studying
750,Infinity,video,cooking
751,55f46794-426f-441b-bb60-53b5e6beebc5,photo,food
752,Infinity,audio,fitness
753,343362dd-20e1-4b98-ad23-e3d8d497f98e,video,travel
754,Infinity,photo,veganism
755,98169c04-79b1-4702-82af-ac0fa461e044,photo,food
756,Infinity,audio,public speaking
757,03750ad9-8d8e-4f8c-aec6-8766c9a0184f,video,tennis
758,9ab406fd-4431-420e-b650-6c16714089bc,audio,studying
759,845fe8d4-bffc-485f-ae96-fd8fe9ea013d,audio,education
760,01f310fc-5692-4cc1-a7bb-fc62977d79bb,audio,tennis
761,4c1ae4ba-078a-4720-aff0-817c7d549387,video,cooking
762,964173f3-7019-4758-9ab9-df71585aa965,audio,veganism
763,Infinity,photo,fitness
764,Infinity,video,soccer
765,964a54b7-7dc7-40b0-bd94-9898b670f9cd,photo,science
766,37331f8d-4fc5-42f6-a367-e59ccde67c45,audio,soccer
767,8f4cea30-10e7-4806-8c01-d78ef6bcbfa8,photo,tennis
768,Infinity,video,travel
769,80bf3ac3-e94e-44cf-81ef-345a8326802c,photo,veganism
770,6f48fe2b-7c20-4065-8ae9-7bea61275dc7,GIF,Science
771,Infinity,audio,culture
772,85260ec2-7b35-4266-8071-580a8b4341ca,photo,tennis
773,4bfc9824-aaeb-4695-8195-945686795b30,video,public speaking
774,Infinity,photo,travel
775,Infinity,audio,veganism
776,Infinity,GIF,public speaking
777,0ac85d23-c8ba-49ed-bec1-493b960a88c0,photo,science
778,Infinity,photo,animals
779,Infinity,video,education
780,019b61f4-926c-438e-adaf-6119c5eab752,photo,fitness
781,049c926f-9095-4bb2-a464-666a68257f61,video,dogs
782,5bf45fd3-6b4b-400c-a126-31b8576e1d70,video,tennis
783,8123c0ac-30b0-4a20-bebe-864b3a6b9e9a,GIF,soccer
784,724b9f31-8bdc-4152-b93f-4d3e457201ef,audio,animals
785,6aa06c00-d796-43c3-816d-70f21fe58f80,audio,science
786,3f6b1a9d-db78-4d9a-a495-9de7bd9bbe5b,GIF,tennis
787,96ece45a-89e4-4cf8-b216-c860bf8e158e,photo,food
788,5efb3710-c34d-4dc4-84dd-31cd8c5d9c30,audio,animals
789,6912f8e6-86b7-44f6-8aa8-c21c2ed0b53c,GIF,food
790,4dd4da35-453e-466d-95ca-b1a7710fac1f,GIF,technology
791,Infinity,audio,culture
792,15e13281-8bd0-4f40-a0fa-44749cf32378,video,dogs
793,31cbcaf1-75f9-4541-abd6-15723478047b,photo,dogs
794,1bbfe52f-37e2-4874-8422-161a60b331e1,GIF,culture
795,94f8ffbb-d888-4713-8cdd-ea57466d88b2,video,science
796,6e71ed3d-3fba-4bd1-8de7-2798dec6431e,audio,studying
797,Infinity,video,travel
798,Infinity,video,travel
799,942c5154-791e-47c0-bfad-264a3d6296eb,audio,animals
800,Infinity,video,public speaking
801,44eab5ca-b4a4-46c4-977d-197a78551861,audio,technology
802,Infinity,video,science
803,004e820e-49c3-4ba2-9d02-62db0065410c,audio,tennis
804,7cace87f-53ff-40c0-99f5-abbc5b8f86d6,GIF,cooking
805,8b1bfacc-00fd-4f6e-b647-6ecfe2b7ce69,photo,Science
806,6dbfb67c-e619-414b-b016-d24da6cbc294,audio,public speaking
807,25c36533-1de5-4d82-879b-86180503cf8d,photo,travel
808,Infinity,video,fitness
809,Infinity,GIF,animals
810,56b0b1ab-a07c-4379-b699-80ccc8689c85,video,culture
811,6c8d057d-756a-41dd-afef-bf73adffbdf4,audio,food
812,5d915af1-3cc3-4d44-a0ff-d170a008a5d5,video,education
813,Infinity,GIF,animals
814,59f7eb93-7ffc-4627-98a6-9ecaa5e35206,GIF,cooking
815,990f1598-4dbb-403c-a5b2-48de2c30b1ca,audio,food
816,Infinity,video,animals
817,92c1fcb5-5b56-4780-85cb-0c4858b39b3e,video,travel
818,0701343b-6105-40e4-b275-7f3d292b9e20,photo,tennis
819,451b228b-9d66-45a4-b6fa-46c502562b5f,video,healthy eating
820,Infinity,GIF,healthy eating
821,1dbed432-50e6-4955-9ac8-798fb60b2f0e,video,science
822,348efc5c-f887-4cfa-b165-0dda4da85291,video,studying
823,7c47e333-da29-4be9-8156-2e5f75a991e1,video,dogs
824,Infinity,GIF,cooking
825,Infinity,audio,food
826,2664a681-e732-422f-b529-02fabb6ec9ab,audio,healthy eating
827,Infinity,photo,dogs
828,1dec5263-8a54-43fb-bfbe-a388d2919e74,GIF,food
829,Infinity,photo,veganism
830,0f1cb5c0-ac2a-4c8a-9fb9-115d60493247,GIF,veganism
831,40727608-362e-4e10-970f-2b5a5f8c37c1,photo,science
832,09f2e925-5086-42ad-8160-e763396a36ca,audio,dogs
833,6cbac852-fec6-49e2-95db-d62edeb477d0,video,healthy eating
834,445a06c1-3dea-4129-90eb-2384c0534eb6,GIF,technology
835,Infinity,GIF,veganism
836,60872f35-3eb4-4742-b3b0-48f15f11be66,video,travel
837,1b6f05f1-df9e-4ad4-989e-029baf20478f,audio,fitness
838,1a5b511a-7199-4f05-988a-1f1d0380ca11,GIF,travel
839,5ac2552c-15a5-41ed-8d67-9c57bce74ebc,video,travel
840,Infinity,GIF,Soccer
841,Infinity,video,science
842,51a9bf9c-2c90-487b-ad37-9db7f18c36e7,video,travel
843,9c542f56-b0ec-4df1-b95e-f56e1c467813,audio,food
844,10df3489-3d58-4929-977c-d3e7e177f5fd,GIF,studying
845,41c97dd6-3f0d-4a6c-9083-2163e8e08e19,video,public speaking
846,Infinity,photo,healthy eating
847,Infinity,video,culture
848,95fe7e7c-f327-4a0a-af06-5a88346f8546,video,science
849,4dca44b9-e65c-4d9d-93eb-6a24ec8950e9,photo,animals
850,Infinity,audio,culture
851,8b08e78c-4798-463a-b868-a0dc9fde777f,GIF,public speaking
852,Infinity,audio,science
853,4304a382-1527-4e7d-af7b-691d976f9ad4,video,tennis
854,2ceee25a-8461-4409-ab41-7a72d97d722d,photo,animals
855,6407f238-511b-4ade-b77b-0f3bc8b2f300,audio,studying
856,437fab54-2c89-4b0b-8d89-dd2320d83e81,photo,tennis
857,Infinity,photo,cooking
858,Infinity,photo,animals
859,Infinity,video,veganism
860,8838fd48-05c4-4b57-a192-35e9ff67f9b2,video,soccer
861,01396602-c759-4a17-90f0-8f9b3ca11b30,GIF,tennis
862,3ca5a22f-aebc-4421-a960-d787d732f1ec,audio,healthy eating
863,7bbce877-eb47-4ad3-9a57-7ec4a0190f1b,photo,travel
864,Infinity,GIF,food
865,Infinity,photo,education
866,Infinity,video,animals
867,3091e63e-1355-4eb6-9fa7-5c6e75f1d3b8,GIF,culture
868,0c2bd955-f00f-4c2f-8999-7cc0ada4b3e7,photo,animals
869,4ad4b955-c65a-467d-aa27-1ca804d05170,audio,culture
870,3c6354b3-7e8a-4d8c-bb80-33f17c17bd32,audio,cooking
871,8caec934-9519-47de-8dd4-b6d65e279661,audio,public speaking
872,9b480f9e-cef3-46cc-8ea1-c116cded9661,audio,public speaking
873,Infinity,video,studying
874,Infinity,photo,cooking
875,9a517a10-7dd2-4a30-b67a-925569d9ed84,audio,Science
876,4b6d1c04-e75d-4e96-b5f7-f49c4af8d89b,audio,veganism
877,1625c44f-2a9e-46d5-abac-59ec211322a4,GIF,tennis
878,Infinity,photo,technology
879,295ff9f6-64f3-4704-9272-4a932f11d709,video,travel
880,7ef17afb-ded2-4675-9800-2cf7fe58e6b1,audio,studying
881,Infinity,audio,food
882,2eb32cf2-da20-4b27-b4b6-c91716f528a5,audio,veganism
883,7f7d20ca-fedf-48e6-8364-dbb8adeb4223,photo,animals
884,6519b8ec-1253-4f91-8abb-3c5a04eccd2b,photo,animals
885,Infinity,photo,culture
886,4f215b36-f5c4-4294-81f2-80e4906b197d,video,soccer
887,Infinity,photo,food
888,04e1996d-ccb3-4b19-923a-8dc2a52e4bd4,audio,education
889,Infinity,photo,soccer
890,Infinity,audio,public speaking
891,4ae90f6e-da63-4ce2-a357-a4b36c739b80,GIF,travel
892,Infinity,audio,travel
893,0a390a93-0e59-4a7a-a12c-d3f5ce4924fe,video,public speaking
894,Infinity,photo,technology
895,286e2f5f-082a-4ce7-9396-db565106d5bf,photo,studying
896,Infinity,GIF,fitness
897,Infinity,photo,studying
898,21bc3be6-6bd1-4926-8bee-c4585873851b,video,soccer
899,8c3e8682-dec4-4d3b-a4e1-8c146f70d56f,video,food
900,Infinity,GIF,veganism
901,1e1a8878-0435-4171-97e6-fddb4abc3452,GIF,healthy eating
902,57d8470d-e644-4fe3-b56e-33f1c626e8ea,photo,cooking
903,8d7a1aff-abed-432f-a458-a4ab40324e72,GIF,travel
904,Infinity,photo,science
905,8f82022e-2ba7-4269-ab8f-3b47f87004de,audio,healthy eating
906,8891433d-d874-4bd5-a8ca-4114a4131b20,GIF,tennis
907,52be2c2f-be1f-4cda-a2d6-5c147c018115,audio,food
908,Infinity,photo,science
909,42a0f482-d3a8-4216-ba0b-1459abf854a6,GIF,culture
910,041bf6c9-8b33-4ca0-a787-762eb8837d0c,GIF,Food
911,954678ba-9ecc-4c0c-93a3-aba0e289cfbf,audio,dogs
912,5fefd228-c550-4023-b767-ec8aa62de850,video,cooking
913,66af1757-534a-4ef9-a5a5-9d721e7c6c00,audio,healthy eating
914,2771fa81-b26c-4e11-86ac-90e85faf4981,video,dogs
915,3b448410-dd36-4e79-bf4a-ba07814b308e,video,travel
916,Infinity,photo,education
917,56d13215-1444-49b0-8e17-3a888bcd4e1e,GIF,fitness
918,Infinity,video,soccer
919,98a7f6b9-8dd3-40c9-8c98-db01b6c80015,video,technology
920,Infinity,video,studying
921,33696f53-ab7b-4f3e-b3a4-e0e82990339c,photo,fitness
922,50c0f441-fde5-48bd-ba40-46f23b8cf862,video,culture
923,Infinity,video,fitness
924,89e542b9-b37f-4666-9314-4535d76a2566,GIF,soccer
925,Infinity,audio,animals
926,2669dbfc-65d4-4770-a916-e6507f881131,photo,science
927,Infinity,GIF,studying
928,Infinity,photo,dogs
929,25c8f882-464d-4465-9ed2-e7f7706c1775,audio,healthy eating
930,Infinity,video,culture
931,4789b064-7b3c-4339-bf15-b9e38222930c,photo,education
932,77a3ac9f-7607-411f-a280-5431c71e3943,audio,tennis
933,Infinity,photo,cooking
934,217f4060-b378-4d79-992f-20502d407f7c,photo,cooking
935,4426d1ae-cb98-45cf-8d1d-c176ef755293,GIF,science
936,74989207-b147-4a13-89b8-f0d868dfdf4a,audio,science
937,83a995e6-323c-4287-ab41-01543ac5fd1a,GIF,food
938,9fdcedb3-8e19-4755-93b2-133673d4620b,audio,travel
939,9489565a-a899-4693-ad48-369f86b4b862,GIF,studying
940,Infinity,video,veganism
941,5656bfe4-bcc1-4426-94b6-1f9dfe9a0db4,video,travel
942,Infinity,photo,tennis
943,62e3c102-b551-4625-b949-d589babb16d8,photo,soccer
944,Infinity,GIF,soccer
945,37c5a8aa-d239-4b94-ae68-2754825d36ff,photo,Public Speaking
946,8644e163-704a-4a99-a859-5e07fcfe3879,photo,education
947,6547f69d-891d-4e1c-bd69-fc8735b8fca8,video,science
948,235a0022-a683-4381-8e9e-aaf75fe90734,photo,fitness
949,21dfb75d-9d98-4627-b074-f4372025d23f,GIF,culture
950,Infinity,audio,science
951,46ebc5f2-bfe8-4ada-aed3-6265842bd1f3,video,food
952,Infinity,video,animals
953,Infinity,GIF,education
954,03ed0e2b-bd63-4079-8910-62c187526ca0,audio,healthy eating
955,4b10bec8-9754-4f5d-b129-a4b6fa030660,photo,tennis
956,5dc325aa-d5d1-4552-9997-cd25b7608be9,audio,healthy eating
957,503bd384-9733-4739-81f5-561b2328f6d8,GIF,food
958,7053e0be-7227-4a05-893f-4bbee34f0f1f,video,science
959,03344240-df23-421d-b0e3-4fac72fe6cd8,video,fitness
960,16f8b629-5173-420f-9c8b-577313e9e128,video,healthy eating
961,24f994fa-51d4-4e5e-bdac-79de67e7afbb,video,food
962,Infinity,GIF,animals
963,Infinity,audio,science
964,73a7ec8f-08e7-41c6-a995-51537ff8772a,video,technology
965,Infinity,GIF,studying
966,Infinity,photo,dogs
967,0bfa4a8c-78be-4f6e-888f-490c47d355ed,photo,dogs
968,02c9f76b-f9cc-48c5-aedf-73f37c637a71,photo,veganism
969,8fe92544-5c15-4f77-bc40-c6e4b7d13674,GIF,animals
970,Infinity,GIF,cooking
971,8e0f1d3e-b588-44de-a423-8224eb26aa99,audio,healthy eating
972,Infinity,GIF,studying
973,Infinity,GIF,culture
974,58b0f92a-76ae-4521-a223-2b117f4f4e70,video,dogs
975,9c8f1389-d04e-4a55-a2f5-1612539b70a7,audio,technology
976,98d99f96-c8f9-4075-a3c8-f7aceb7e3bd2,photo,technology
977,Infinity,photo,healthy eating
978,26c02731-b5d8-4ad3-99a2-5e589e107937,video,studying
979,998194db-5706-4b01-9565-7c7e7d4ea5f5,audio,cooking
980,54e29395-9eba-4945-abee-cad58cbab090,video,Science
981,Infinity,photo,animals
982,88e43f42-027e-4256-bab4-2d1c2b6f8f67,photo,education
983,Infinity,photo,studying
984,Infinity,GIF,cooking
985,Infinity,video,tennis
986,Infinity,photo,culture
987,Infinity,video,fitness
988,51199552-05ed-47e5-9c86-6177a406d928,audio,fitness
989,Infinity,GIF,healthy eating
990,2e32de07-dc79-4cdc-bf1d-bac90ba3fd85,video,studying
991,89cb4504-fccd-40f4-945e-410f74ee4735,photo,animals
992,67766c84-7d8d-46e2-b2e8-8b0f8dc27193,photo,veganism
993,331fad49-0e33-4676-8e2d-51ec52e86625,audio,education
994,Infinity,photo,science
995,Infinity,video,public speaking
996,7a79f4e4-3b7d-44dc-bdef-bc990740252c,GIF,technology
997,435007a5-6261-4d8b-b0a4-55fdc189754b,audio,veganism
998,4e4c9690-c013-4ee7-9e66-943d8cbd27b7,GIF,culture
999,75d6b589-7fae-4a6d-b0d0-752845150e56,audio,technology
